"Title: The Conference Room Confusion";"La Confusión en la Sala de Conferencias"
"A public announcement interrupts the morning briefing.";"Un anuncio público interrumpe la reunión matutina."
"A visible chart hangs crooked on the wall.";"Una gráfica visible cuelga chueca en la pared."
"A foreign delegate reviews the printed agenda.";"Un delegado extranjero revisa la agenda impresa."
"An unclear instruction confuses the entire team.";"Una instrucción confusa confunde a todo el equipo."
"A regional director requests immediate clarification.";"Un director regional solicita aclaración inmediata."
"We are going to decode the hidden message.";"Vamos a descifrar el mensaje oculto."
"A domestic representative explains the previous decision.";"Un representante doméstico explica la decisión previa."
"A private memo circulates among the supervisors.";"Un memorando privado circula entre los supervisores."
"A global consultant joins through a video call.";"Un consultor global se une por videollamada."
"A rural official struggles with the unstable connection.";"Un funcionario rural lucha con la conexión inestable."
"We are going to verify the approximate numbers.";"Vamos a verificar los números aproximados."
"An intimate detail appears in the final report.";"Un detalle íntimo aparece en el reporte final."
"An obvious error stands out on the spreadsheet.";"Un error obvio resalta en la hoja de cálculo."
"A national representative requests additional context.";"Un representante nacional solicita contexto adicional."
"A secret folder lies beneath the projector.";"Una carpeta secreta yace bajo el proyector."
"We are going to adjust the local schedule.";"Vamos a ajustar el horario local."
"An invisible note hides behind the binder.";"Una nota invisible se esconde detrás de la carpeta."
"An urban planner enters with updated maps.";"Un planificador urbano entra con mapas actualizados."
"A clear summary resolves the lingering confusion.";"Un resumen claro resuelve la confusión persistente."
"I am going to finalize the personal briefing.";"Voy a finalizar el informe personal."