"Title: The Rescue on the Mountain Trail";"El Rescate en el Sendero de la Montaña"
"The necessary gear hangs from my pack.";"El equipo necesario cuelga de mi mochila."
"An unnecessary detour slows our ascent.";"Un desvío innecesario retrasa nuestro ascenso."
"A useful rope helps us cross safely.";"Una cuerda útil nos ayuda a cruzar seguros."
"A useless strap snaps without warning.";"Una correa inútil se rompe sin aviso."
"A true signal flashes from the ridge.";"Una señal cierta parpadea desde la cresta."
"A false echo bounces between the cliffs.";"Un eco falso rebota entre los acantilados."
"A real urgency pushes us forward quickly.";"Una urgencia real nos impulsa rápido."
"A fake trail marker misleads the group.";"Una marca falsa engaña al grupo."
"The visible smoke rises above the trees.";"El humo visible se eleva sobre los árboles."
"The invisible wind carries distant voices.";"El viento invisible lleva voces lejanas."
"A famous lookout stands beyond the bend.";"Un mirador famoso está más allá de la curva."
"An unknown path branches to the left.";"Un sendero desconocido se abre a la izquierda."
"The alive forest rustles with constant movement.";"El bosque vivo se agita con movimiento constante."
"The dead logs block the narrow pass.";"Los troncos muertos bloquean el paso estrecho."
"A healthy pace keeps the team steady.";"Un paso saludable mantiene firme al equipo."
"A sick hiker struggles near the slope.";"Un excursionista enfermo lucha cerca de la pendiente."
"We are going to assist the pregnant climber.";"Vamos a ayudar a la escaladora embarazada."
"The hot sun beats down mercilessly now.";"El sol caluroso pega sin piedad ahora."
"The cold shadow offers brief relief.";"La sombra fría ofrece un alivio breve."
"I am going to avoid the humid ravine.";"Voy a evitar el barranco húmedo."